<?xml version="1.0" encoding="UTF-8" ?>
<!DOCTYPE mapper
        PUBLIC "-//mybatis.org//DTD Mapper 3.0//EN"
        "http://mybatis.org/dtd/mybatis-3-mapper.dtd">
<mapper namespace="com.example.csmall.product.mapper.AlbumMapper">
    <!--int insert(Album album);-->
    <!--useGeneratedKeys="true" keyProperty="id" 自动使用主键值 -->
    <insert id="insert" useGeneratedKeys="true" keyProperty="id">
        INSERT INTO mall_pms.pms_album(name, description, sort)
        VALUES (#{name}, #{description}, #{sort})
    </insert>
    <!--int insertBatch(List<Album> albums);-->
    <insert id="insertBatch" useGeneratedKeys="true" keyProperty="id">
        INSERT INTO mall_pms.pms_album(name, description, sort)
        VALUES
        <foreach collection="list" item="album" separator=",">
            (#{album.name}, #{album.description}, #{album.sort})
        </foreach>
    </insert>
    <!-- int deleteById(@Param("id") Long id);-->
    <delete id="deleteById">
        DELETE
        FROM mall_pms.pms_album
        WHERE id = #{id}
    </delete>
    <!--int deleteByIds(Long[] ids);-->
    <delete id="deleteByIds">
        DELETE FROM mall_pms.pms_album
        WHERE id in(
        <foreach collection="array" item="id" separator=",">
            #{id}
        </foreach>
        )
    </delete>
    <!--  int update(Album album);-->
    <update id="update">
        UPDATE mall_pms.pms_album
        <set>
            <if test="name!=null">name = #{name},</if>
            <if test="description!=null">description = #{description},</if>
            <if test="sort!=null">sort = #{sort}</if>
        </set>
        WHERE id=#{id}
    </update>
    <!-- int count();-->
    <select id="count" resultType="int">
        SELECT COUNT(*)
        FROM mall_pms.pms_album
    </select>
    <!--Album getByID(Long id);-->
    <select id="getStandardByID" resultType="com.example.csmall.product.pojo.vo.AlbumStandardVO">
        SELECT id, name, description, sort
        FROM mall_pms.pms_album
        WHERE id = #{id}
    </select>
    <!--List<AlbumListItemVO> list();-->
    <select id="list" resultType="com.example.csmall.product.pojo.vo.AlbumListItemVO">
        SELECT id, name, description, sort
        FROM mall_pms.pms_album
        ORDER BY sort DESC,id DESC
    </select>
</mapper>
