<?xml version="1.0" encoding="UTF-8" ?>
<!DOCTYPE mapper
        PUBLIC "-//mybatis.org//DTD Mapper 3.0//EN"
        "http://mybatis.org/dtd/mybatis-3-mapper.dtd">
<mapper namespace="com.example.csmall.product.mapper.AttributeTemplateMapper">
    <!--int insert( AttributeTemplate attributeTemplate);;-->
    <insert id="insert" useGeneratedKeys="true" keyProperty="id">
        insert into mall_pms.pms_attribute_template
        values (null, #{name}, #{pinyin}, #{keywords}, #{sort}, #{gmt_create}, #{gmt_modified})
    </insert>
    <!--int insertBatch(List<AttributeTemplate> attributeTemplates);-->
    <insert id="insertBatch" useGeneratedKeys="true" keyProperty="id">
        INSERT INTO mall_pms.pms_attribute_template
        VALUES
        <foreach collection="list" item="i" separator=",">
            (null, #{i.name}, #{i.pinyin}, #{i.keywords}, #{i.sort}, #{i.gmt_create}, #{i.gmt_modified})
        </foreach>
    </insert>
    <!--int deleteById(Long id);-->
    <delete id="deleteById">
        DELETE
        FROM mall_pms.pms_attribute_template
        WHERE id = #{id}
    </delete>
    <!--int deleteByIds(Long[] id);-->
    <delete id="deleteByIds">
        DELETE FROM mall_pms.pms_attribute_template
        WHERE id in(
        <foreach collection="array" item="id" separator=",">
            #{id}
        </foreach>
        )
    </delete>
    <!--int update(Long id);-->
    <update id="update">
        UPDATE mall_pms.pms_attribute_template
        <set>
            <if test="name!=null">pms_category.name=#{name}</if>
            <if test="pinyin!=null">#{parentId}</if>
            <if test="keywords!=null">#{keywords}</if>
            <if test="sort!=null">#{sort}</if>
            <if test="gmtCreate!=null">#{gmtCreate}</if>
            <if test="gmtModified!=null">#{gmtModified}</if>

        </set>
        WHERE id=#{id}
    </update>
    <!--int count();-->
    <select id="count" resultType="int">
        SELECT COUNT(*)
        FROM mall_pms.pms_attribute_template
    </select>
    <!--AttributeTemplateStanderVO selectById(Long id);-->
    <select id="selectById" resultType="com.example.csmall.product.pojo.vo.AttributeTemplateStanderVO">
        SELECT id,name,pinyin,keywords,sort
        FROM mall_pms.pms_attribute_template
        WHERE id = #{id}
    </select>
    <!--List<AttributeTemplateListVO> list();-->
    <select id="list" resultType="com.example.csmall.product.pojo.vo.AttributeTemplateListVO">
        SELECT id,name,pinyin,keywords,sort
        FROM mall_pms.pms_attribute_template
        ORDER BY sort DESC, id DESC
    </select>
</mapper>